Country,Code,Annual CO₂ emissions,Population,Human Development Index,World region according to OWID,co2_per_capita
Afghanistan,AFG,10516319.0,41454762,0.496,Asia,0.25368180861827166
Albania,ALB,4417333.0,2811660,0.81,Europe,1.571076517075322
Algeria,DZA,202846660.0,46164222,0.763,Africa,4.394023146323142
Andorra,AND,418098.0,80869,0.913,Europe,5.170065167122136
Angola,AGO,21674816.0,36749909,0.616,Africa,0.5897923720028804
Antigua and Barbuda,ATG,640533.0,93331,0.851,North America,6.863025147057248
Argentina,ARG,178406990.0,45538402,0.865,South America,3.9177261863514667
Armenia,ARM,7430228.0,2943398,0.811,Asia,2.5243708122381
Australia,AUS,384316060.0,26451126,0.958,Oceania,14.529289225721431
Austria,AUT,56908956.0,9130434,0.93,Europe,6.232886191390245
Azerbaijan,AZE,42748196.0,10318209,0.789,Asia,4.142986055041141
Bahamas,BHS,2956122.0,399452,0.82,North America,7.4004436077426075
Bahrain,BHR,38786692.0,1569674,0.899,Asia,24.71003023557758
Bangladesh,BGD,104526670.0,171466986,0.685,Asia,0.6096023056006828
Barbados,BRB,1316733.0,282347,0.811,North America,4.663527503391217
Belarus,BLR,55736064.0,9115679,0.824,Europe,6.114307447640488
Belgium,BEL,84703360.0,11712891,0.951,Europe,7.231635639740864
Belize,BLZ,766451.0,411112,0.721,North America,1.864336239272996
Benin,BEN,5927823.0,14111035,0.515,Africa,0.42008421069042773
Bhutan,BTN,1629648.0,786386,0.698,Asia,2.0723258043759683
Bolivia,BOL,24620520.0,12244161,0.733,South America,2.0107968198066
Bosnia and Herzegovina,BIH,19881310.0,3185072,0.804,Europe,6.242028437661692
Botswana,BWA,7248677.0,2480242,0.731,Africa,2.9225684429180703
Brazil,BRA,483991940.0,211140731,0.786,South America,2.292271783410658
Brunei,BRN,12502692.0,458959,0.837,Asia,27.241413721051337
Bulgaria,BGR,34500948.0,6795805,0.845,Europe,5.076800761646339
Burkina Faso,BFA,6308441.0,23025777,0.459,Africa,0.2739729912263113
Burundi,BDI,900716.0,13689455,0.439,Africa,0.06579633739984536
Cambodia,KHM,21411502.0,17423884,0.606,Asia,1.228859305996298
Cameroon,CMR,9694864.0,28372690,0.588,Africa,0.3416970333091434
Canada,CAN,545478500.0,39299098,0.939,North America,13.880178623947042
Cape Verde,CPV,571493.0,522335,0.668,Africa,1.094112016234792
Central African Republic,CAF,389279.0,5152415,0.414,Africa,0.07555272624584781
Chad,TCD,2848394.0,19319075,0.416,Africa,0.14743946074022696
Chile,CHL,77604216.0,19658833,0.878,South America,3.947549480683823
China,CHN,12172008000.0,1422584930,0.797,Asia,8.556261031107647
Colombia,COL,89992344.0,52321152,0.788,South America,1.7199992844194256
Comoros,COM,542130.0,850390,0.603,Africa,0.6375074965604017
Congo,COG,8274273.0,6182890,0.649,Africa,1.3382533087277957
Costa Rica,CRI,8472529.0,5105526,0.833,North America,1.6594820984165002
Cote d'Ivoire,CIV,14052436.0,31165653,0.582,Africa,0.4508949644019973
Croatia,HRV,18467598.0,3896023,0.889,Europe,4.740115240592779
Cuba,CUB,23470270.0,11019932,0.762,North America,2.1298017083952967
Cyprus,CYP,7188089.0,1344981,0.913,Europe,5.344379586031327
Czechia,CZE,83232250.0,10809722,0.915,Europe,7.6997586061880225
Democratic Republic of Congo,COD,5881086.0,105789733,0.522,Africa,0.05559221895379961
Denmark,DNK,28831184.0,5948134,0.962,Europe,4.847097257728222
Djibouti,DJI,557559.0,1152951,0.513,Africa,0.48359297142723323
Dominica,DMA,164537.0,66531,0.761,North America,2.4730877335377492
Dominican Republic,DOM,31828554.0,11331269,0.776,North America,2.8089134588544318
East Timor,TLS,636717.0,1384292,0.634,Asia,0.4599585925512825
Ecuador,ECU,44599590.0,17980079,0.777,South America,2.480500224720926
Egypt,EGY,250230190.0,114535772,0.754,Africa,2.184733953685666
El Salvador,SLV,8669882.0,6309629,0.678,North America,1.374071597553517
Equatorial Guinea,GNQ,6913363.0,1847556,0.674,Africa,3.741896321410555
Eritrea,ERI,731035.0,3470391,0.503,Africa,0.21064917468953787
Estonia,EST,8744257.0,1367195,0.905,Europe,6.395764320378586
Eswatini,SWZ,1029613.0,1230507,0.695,Africa,0.8367388401691336
Ethiopia,ETH,17570662.0,128691695,0.497,Africa,0.13653299072640235
Fiji,FJI,1382096.0,924150,0.731,Oceania,1.495532110588108
Finland,FIN,31799000.0,5601185,0.948,Europe,5.677191522865251
France,FRA,270262660.0,66438828,0.92,Europe,4.067842075721143
Gabon,GAB,5320944.0,2484790,0.733,Africa,2.1414059135782098
Gambia,GMB,772635.0,2697846,0.524,Africa,0.2863895863588952
Georgia,GEO,11922203.0,3807494,0.844,Asia,3.131246694019741
Germany,DEU,593766000.0,84548233,0.959,Europe,7.022807916044798
Ghana,GHA,20135648.0,33787916,0.628,Africa,0.5959422889532459
Greece,GRC,51988224.0,10242910,0.908,Europe,5.075532636721401
Grenada,GRD,362973.0,117094,0.791,North America,3.0998428612909286
Guatemala,GTM,19736068.0,18124841,0.662,North America,1.0888960625916664
Guinea,GIN,3875027.0,14405469,0.5,Africa,0.2689969344281675
Guinea-Bissau,GNB,329342.0,2153343,0.514,Africa,0.15294451464536768
Guyana,GUY,4378933.0,826357,0.776,South America,5.299081389762536
Haiti,HTI,2864751.0,11637402,0.554,North America,0.2461675724530269
Honduras,HND,12404354.0,10644853,0.645,North America,1.1652912445103751
Hong Kong,HKG,32957054.0,7442738,0.955,Asia,4.428081977358333
Hungary,HUN,40343864.0,9686465,0.87,Europe,4.164972877102224
Iceland,ISL,3508235.0,387559,0.972,Europe,9.052131417409994
India,IND,3062756400.0,1438069597,0.685,Asia,2.1297692450972523
Indonesia,IDN,762357570.0,281190068,0.728,Asia,2.7111824234133333
Iran,IRN,789675840.0,90608708,0.799,Asia,8.715231211551984
Iraq,IRQ,227909700.0,45074055,0.695,Asia,5.056338951532095
Ireland,IRL,33567940.0,5196629,0.949,Europe,6.459560611311679
Israel,ISR,55381996.0,9256311,0.919,Asia,5.983160678157853
Italy,ITA,312290660.0,59499452,0.915,Europe,5.248630861339698
Jamaica,JAM,8068915.5,2839785,0.72,North America,2.8413825342411485
Japan,JPN,986910140.0,124370947,0.925,Asia,7.935214483813491
Jordan,JOR,23119264.0,11439220,0.754,Asia,2.021052484347709
Kazakhstan,KAZ,286174900.0,20330109,0.837,Asia,14.076407558857653
Kenya,KEN,21185722.0,55339007,0.628,Africa,0.38283523952643383
Kiribati,KIR,69287.0,132540,0.644,Oceania,0.5227629394899653
Kuwait,KWT,123168720.0,4838781,0.852,Asia,25.454493600764323
Kyrgyzstan,KGZ,11144427.0,7073523,0.72,Asia,1.5755129374711865
Laos,LAO,24157068.0,7665001,0.617,Asia,3.1516066338412743
Latvia,LVA,6589883.0,1882399,0.889,Europe,3.5007896838024246
Lebanon,LBN,15558805.0,5773494,0.752,Asia,2.6948681335773452
Lesotho,LSO,2493633.0,2311476,0.55,Africa,1.078805490517747
Liberia,LBR,834001.0,5493035,0.51,Africa,0.15182881594601164
Libya,LBY,64219084.0,7305659,0.721,Africa,8.790320489910629
Liechtenstein,LIE,131221.0,39622,0.938,Europe,3.3118217152087226
Lithuania,LTU,12507402.0,2854104,0.895,Europe,4.382251662868627
Luxembourg,LUX,6840733.0,665101,0.922,Europe,10.285254420005383
Madagascar,MDG,4446771.0,31195937,0.487,Africa,0.14254327414496318
Malawi,MWI,1852568.0,21104480,0.517,Africa,0.08778079346186213
Malaysia,MYS,276296770.0,35126295,0.819,Asia,7.86581021425687
Maldives,MDV,2205334.0,526009,0.766,Asia,4.1925784539808255
Mali,MLI,6743016.0,23769130,0.419,Africa,0.2836879599716102
Malta,MLT,1768002.0,532964,0.924,Europe,3.3173009809292937
Marshall Islands,MHL,147722.0,38849,0.733,Oceania,3.8024659579397153
Mauritania,MRT,5036898.0,5022442,0.563,Africa,1.0028782811230075
Mauritius,MUS,4587621.0,1273591,0.806,Africa,3.6021148076580314
Mexico,MEX,458253860.0,129739761,0.789,North America,3.532100386711827
Micronesia (country),FSM,144037.0,112646,0.615,Oceania,1.278669460078476
Moldova,MDA,5329303.0,3067072,0.785,Europe,1.7375865320409825
Mongolia,MNG,44183664.0,3431938,0.747,Asia,12.874260548995931
Montenegro,MNE,2406849.0,633553,0.862,Europe,3.7989702518968422
Morocco,MAR,68961176.0,37712516,0.71,Africa,1.828601836058883
Mozambique,MOZ,9093456.0,33635163,0.493,Africa,0.2703556394241348
Myanmar,MMR,31792970.0,54133800,0.609,Asia,0.5873034961521267
Namibia,NAM,3442664.0,2963102,0.665,Africa,1.1618445804430626
Nauru,NRU,58705.0,11900,0.703,Oceania,4.933193277310925
Nepal,NPL,18347820.0,29694614,0.622,Asia,0.6178837684167237
Netherlands,NLD,117016380.0,18092526,0.955,Europe,6.467664050890407
New Zealand,NZL,31559814.0,5172837,0.938,Oceania,6.101064850873901
Nicaragua,NIC,5428299.0,6823619,0.706,North America,0.7955161330080123
Niger,NER,3133399.0,26159863,0.419,Africa,0.11977887651781663
Nigeria,NGA,129376100.0,227882949,0.56,Africa,0.5677304974669255
North Macedonia,MKD,7338385.0,1831800,0.815,Europe,4.006106015940605
Norway,NOR,38869000.0,5519167,0.97,Europe,7.042548268606477
Oman,OMN,79810640.0,5049267,0.858,Asia,15.806381401498475
Pakistan,PAK,186860880.0,247504505,0.544,Asia,0.7549797123894775
Palau,PLW,216209.0,17751,0.786,Oceania,12.180102529434961
Palestine,PSE,4755358.0,5409201,0.674,Asia,0.8791239223685716
Panama,PAN,13002121.0,4458758,0.839,North America,2.91608582479695
Papua New Guinea,PNG,8357750.0,10389638,0.576,Oceania,0.804431299723821
Paraguay,PRY,7645687.0,6844150,0.756,South America,1.1171127166996633
Peru,PER,66064750.0,33845616,0.794,South America,1.9519440863478448
Philippines,PHL,160980460.0,114891199,0.72,Asia,1.4011557142858262
Poland,POL,283243460.0,38762847,0.906,Europe,7.307086086839803
Portugal,PRT,37622040.0,10430735,0.89,Europe,3.606844579984057
Qatar,QAT,119544360.0,2979086,0.886,Asia,40.12786472092447
Romania,ROU,67866024.0,19118482,0.845,Europe,3.549760069863287
Russia,RUS,1733134600.0,145440502,0.832,Europe,11.916450893438197
Rwanda,RWA,2016015.0,13954473,0.578,Africa,0.1444708804123237
Saint Kitts and Nevis,KNA,250147.02,46783,0.84,North America,5.346964068144411
Saint Lucia,LCA,517045.97,179291,0.748,North America,2.8838367235388276
Saint Vincent and the Grenadines,VCT,246199.0,101331,0.798,North America,2.4296513406558704
Samoa,WSM,234845.0,216673,0.708,Oceania,1.083868317695329
Sao Tome and Principe,STP,139838.0,230882,0.637,Africa,0.6056686965636126
Saudi Arabia,SAU,677441900.0,33264289,0.9,Asia,20.365440547970227
Senegal,SEN,14081857.0,18077573,0.53,Africa,0.7789683382830206
Serbia,SRB,42907320.0,6773204,0.833,Europe,6.3348630869526446
Seychelles,SYC,641309.0,127961,0.848,Africa,5.011753581169263
Sierra Leone,SLE,1380435.0,8460523,0.467,Africa,0.16316189909299933
Singapore,SGP,51067616.0,5789092,0.946,Asia,8.821351604016657
Slovakia,SVK,30766244.0,5518057,0.88,Europe,5.575557483367787
Slovenia,SVN,12012164.0,2118394,0.931,Europe,5.6704106979154965
Solomon Islands,SLB,281760.0,800014,0.584,Oceania,0.35219383660785936
Somalia,SOM,1296419.0,18358622,0.404,Africa,0.0706163567178408
South Africa,ZAF,436604200.0,63212386,0.741,Africa,6.906940674569696
South Korea,KOR,589178500.0,51748744,0.937,Asia,11.385368116373993
South Sudan,SSD,1666291.0,11483370,0.388,Africa,0.14510470358440075
Spain,ESP,215460750.0,47911583,0.918,Europe,4.497049283468676
Sri Lanka,LKA,19166020.0,22971615,0.776,Asia,0.8343348954786157
Sudan,SDN,17715522.0,50042800,0.511,Africa,0.35400740965733335
Suriname,SUR,2868587.0,628892,0.722,South America,4.561334855587287
Sweden,SWE,36708596.0,10551493,0.959,Europe,3.4789954369490648
Switzerland,CHE,31977486.0,8870564,0.97,Europe,3.604898854232944
Syria,SYR,31673644.0,23594623,0.564,Asia,1.3424094125174197
Tajikistan,TJK,10264285.0,10389807,0.691,Asia,0.9879187361228173
Tanzania,TZA,20309608.0,66617607,0.555,Africa,0.30486847118360166
Thailand,THA,264733680.0,71702436,0.798,Asia,3.692115564943986
Togo,TGO,2671013.0,8223853,0.571,Africa,0.3247885145806959
Tonga,TON,145868.0,104613,0.769,Oceania,1.3943582537543135
Trinidad and Tobago,TTO,35535900.0,1502938,0.807,North America,23.644288719827433
Tunisia,TUN,31737824.0,12200434,0.746,Africa,2.601368443122597
Turkey,TUR,486944580.0,87270502,0.853,Asia,5.579715583622975
Turkmenistan,TKM,95420770.0,7364437,0.764,Asia,12.956967382571133
Tuvalu,TUV,10940.0,9837,0.689,Oceania,1.112127681203619
Uganda,UGA,6235861.0,48656606,0.582,Africa,0.12816062427371117
Ukraine,UKR,139325380.0,37732833,0.779,Europe,3.6924176883299484
United Arab Emirates,ARE,210425100.0,10642089,0.94,Asia,19.772913006083673
United Kingdom,GBR,307826140.0,68682965,0.946,Europe,4.481841166874494
United States,USA,4918406700.0,343477330,0.938,North America,14.319450718916443
Uruguay,URY,7626940.0,3388083,0.862,South America,2.2511077798271177
Uzbekistan,UZB,122872020.0,35652311,0.74,Asia,3.4463970652561624
Vanuatu,VUT,188458.0,320422,0.621,Oceania,0.5881556197764198
Venezuela,VEN,119587760.0,28300861,0.709,South America,4.2255873416713365
Vietnam,VNM,347398800.0,100352189,0.766,Asia,3.461795935512677
World,OWID_WRL,38094040000.0,8091734933,0.756,,4.707771610837565
Yemen,YEM,10141169.0,39390800,0.47,Asia,0.2574501914152543
Zambia,ZMB,11830727.0,20723967,0.595,Africa,0.5708717351267738
Zimbabwe,ZWE,13443295.0,16340829,0.598,Africa,0.8226813339763852
